{
  "hash": "6ba64f46",
  "configHash": "ee962d88",
  "lockfileHash": "6f2a42a3",
  "browserHash": "3306edde",
  "optimized": {
    "@angular/common": {
      "src": "../../../../../../node_modules/@angular/common/fesm2022/common.mjs",
      "file": "@angular_common.js",
      "fileHash": "553170e7",
      "needsInterop": false
    },
    "@angular/common/http": {
      "src": "../../../../../../node_modules/@angular/common/fesm2022/http.mjs",
      "file": "@angular_common_http.js",
      "fileHash": "0afe1121",
      "needsInterop": false
    },
    "@angular/core": {
      "src": "../../../../../../node_modules/@angular/core/fesm2022/core.mjs",
      "file": "@angular_core.js",
      "fileHash": "07ba4e72",
      "needsInterop": false
    },
    "@angular/platform-browser": {
      "src": "../../../../../../node_modules/@angular/platform-browser/fesm2022/platform-browser.mjs",
      "file": "@angular_platform-browser.js",
      "fileHash": "3ce86e36",
      "needsInterop": false
    },
    "@angular/platform-browser/animations/async": {
      "src": "../../../../../../node_modules/@angular/platform-browser/fesm2022/animations/async.mjs",
      "file": "@angular_platform-browser_animations_async.js",
      "fileHash": "f7fcec72",
      "needsInterop": false
    },
    "@angular/platform-server": {
      "src": "../../../../../../node_modules/@angular/platform-server/fesm2022/platform-server.mjs",
      "file": "@angular_platform-server.js",
      "fileHash": "82728098",
      "needsInterop": false
    },
    "@angular/router": {
      "src": "../../../../../../node_modules/@angular/router/fesm2022/router.mjs",
      "file": "@angular_router.js",
      "fileHash": "39422a4f",
      "needsInterop": false
    },
    "@angular/ssr": {
      "src": "../../../../../../node_modules/@angular/ssr/fesm2022/ssr.mjs",
      "file": "@angular_ssr.js",
      "fileHash": "06ac24c9",
      "needsInterop": false
    },
    "@angular/ssr/node": {
      "src": "../../../../../../node_modules/@angular/ssr/fesm2022/node.mjs",
      "file": "@angular_ssr_node.js",
      "fileHash": "0cfb8f2e",
      "needsInterop": false
    },
    "@ngrx/effects": {
      "src": "../../../../../../node_modules/@ngrx/effects/fesm2022/ngrx-effects.mjs",
      "file": "@ngrx_effects.js",
      "fileHash": "fe77287e",
      "needsInterop": false
    },
    "@ngrx/store": {
      "src": "../../../../../../node_modules/@ngrx/store/fesm2022/ngrx-store.mjs",
      "file": "@ngrx_store.js",
      "fileHash": "23c53762",
      "needsInterop": false
    },
    "express": {
      "src": "../../../../../../node_modules/express/index.js",
      "file": "express.js",
      "fileHash": "1f822242",
      "needsInterop": true
    },
    "rxjs": {
      "src": "../../../../../../node_modules/rxjs/dist/cjs/index.js",
      "file": "rxjs.js",
      "fileHash": "39306d47",
      "needsInterop": true
    },
    "@angular/forms": {
      "src": "../../../../../../node_modules/@angular/forms/fesm2022/forms.mjs",
      "file": "@angular_forms.js",
      "fileHash": "234ee5c3",
      "needsInterop": false
    }
  },
  "chunks": {
    "chunk-WSF7C3RG": {
      "file": "chunk-WSF7C3RG.js"
    },
    "browser-FFQUWTY2": {
      "file": "browser-FFQUWTY2.js"
    },
    "xhr2-TXIMV6CV": {
      "file": "xhr2-TXIMV6CV.js"
    },
    "chunk-PR2RMIA3": {
      "file": "chunk-PR2RMIA3.js"
    },
    "chunk-CBFA5SRS": {
      "file": "chunk-CBFA5SRS.js"
    },
    "chunk-RFTVBS7I": {
      "file": "chunk-RFTVBS7I.js"
    },
    "chunk-ZRSGASEU": {
      "file": "chunk-ZRSGASEU.js"
    },
    "chunk-ZY5P5JLT": {
      "file": "chunk-ZY5P5JLT.js"
    },
    "chunk-ZE37V5XJ": {
      "file": "chunk-ZE37V5XJ.js"
    },
    "chunk-2J4BYE4I": {
      "file": "chunk-2J4BYE4I.js"
    },
    "chunk-CWVPAAV7": {
      "file": "chunk-CWVPAAV7.js"
    },
    "chunk-T4XHMJL2": {
      "file": "chunk-T4XHMJL2.js"
    },
    "chunk-YHCV7DAQ": {
      "file": "chunk-YHCV7DAQ.js"
    }
  }
}