{
  "version": "6.0",
  "nxVersion": "20.4.2",
  "pathMappings": {
    "@angular-task/common-services": [
      "common-services/src/index.ts"
    ]
  },
  "nxJsonPlugins": [
    {
      "name": "@nx/playwright/plugin",
      "options": {
        "targetName": "e2e"
      }
    },
    {
      "name": "@nx/eslint/plugin",
      "options": {
        "targetName": "lint"
      }
    }
  ],
  "fileMap": {
    "nonProjectFiles": [
      {
        "file": ".eslintrc.json",
        "hash": "8609565797709535627"
      },
      {
        "file": "nx.json",
        "hash": "11200540617943683857"
      },
      {
        "file": "state/app.state.ts",
        "hash": "6804381451926396556"
      },
      {
        "file": "package-lock.json",
        "hash": "1770152444123166011"
      },
      {
        "file": "models/address.model.ts",
        "hash": "14689318284281637814"
      },
      {
        "file": "jest.preset.js",
        "hash": "9430166341120122740"
      },
      {
        "file": "state/users/users.reducer.ts",
        "hash": "13958320578327078315"
      },
      {
        "file": ".vscode/extensions.json",
        "hash": "16368404468867577385"
      },
      {
        "file": "README.md",
        "hash": "10123035842855166669"
      },
      {
        "file": "services/api.service.ts",
        "hash": "11340963506506635316"
      },
      {
        "file": "models/user.model.ts",
        "hash": "17834034984355308558"
      },
      {
        "file": ".gitignore",
        "hash": "17910294212471338520"
      },
      {
        "file": ".eslintignore",
        "hash": "7663861978715868291"
      },
      {
        "file": "state/users/user.effects.ts",
        "hash": "14067035084310342971"
      },
      {
        "file": ".vscode/settings.json",
        "hash": "2567078925087055415"
      },
      {
        "file": "jest.config.ts",
        "hash": "3494843969422251966"
      },
      {
        "file": ".lintstagedrc.json",
        "hash": "915957166226504038"
      },
      {
        "file": ".editorconfig",
        "hash": "5443105041930014821"
      },
      {
        "file": "package.json",
        "hash": "15364351329324378889"
      },
      {
        "file": "state/users/user.selectors.ts",
        "hash": "3768766850279023483"
      },
      {
        "file": "models/company.model.ts",
        "hash": "6557881894913033657"
      },
      {
        "file": "tsconfig.base.json",
        "hash": "1198026436324135713"
      },
      {
        "file": "services/user.service.ts",
        "hash": "10945900298421496935"
      },
      {
        "file": ".husky/pre-commit",
        "hash": "11200534014804190460"
      },
      {
        "file": ".prettierignore",
        "hash": "12544279011238055522"
      },
      {
        "file": ".github/workflows/ci.yml",
        "hash": "1953795482210253061"
      },
      {
        "file": ".prettierrc",
        "hash": "930534160928664849"
      },
      {
        "file": "state/users/user.actions.ts",
        "hash": "9359118453525246436"
      }
    ],
    "projectFileMap": {
      "common-services": [
        {
          "file": "common-services/.eslintrc.json",
          "hash": "10757071654933456057"
        },
        {
          "file": "common-services/README.md",
          "hash": "13875397920384845304"
        },
        {
          "file": "common-services/jest.config.ts",
          "hash": "8445624323637894744"
        },
        {
          "file": "common-services/project.json",
          "hash": "5272811873809048830"
        },
        {
          "file": "common-services/src/http.service.ts",
          "hash": "14183536853004730458",
          "deps": [
            "npm:@angular/core",
            "npm:rxjs",
            "npm:@angular/common"
          ]
        },
        {
          "file": "common-services/src/index.ts",
          "hash": "517888025542629156"
        },
        {
          "file": "common-services/src/lib/common-services/common-services.component.css",
          "hash": "3244421341483603138"
        },
        {
          "file": "common-services/src/lib/common-services/common-services.component.html",
          "hash": "1337305723990682185"
        },
        {
          "file": "common-services/src/lib/common-services/common-services.component.spec.ts",
          "hash": "13155279993725931346",
          "deps": [
            "npm:@angular/core"
          ]
        },
        {
          "file": "common-services/src/lib/common-services/common-services.component.ts",
          "hash": "18386242799639951883",
          "deps": [
            "npm:@angular/core",
            "npm:@angular/common"
          ]
        },
        {
          "file": "common-services/src/test-setup.ts",
          "hash": "13285444436825234858",
          "deps": [
            "npm:jest-preset-angular"
          ]
        },
        {
          "file": "common-services/src/user.service.ts",
          "hash": "3283144248668450724",
          "deps": [
            "npm:@angular/common",
            "npm:@angular/core"
          ]
        },
        {
          "file": "common-services/tsconfig.json",
          "hash": "14532299958370693979"
        },
        {
          "file": "common-services/tsconfig.lib.json",
          "hash": "6705096346873024967"
        },
        {
          "file": "common-services/tsconfig.spec.json",
          "hash": "17181539404635497500"
        }
      ],
      "angular-task-e2e": [
        {
          "file": "apps/angular-task-e2e/.eslintrc.json",
          "hash": "632147010597293032"
        },
        {
          "file": "apps/angular-task-e2e/playwright.config.ts",
          "hash": "3402120869804217740",
          "deps": [
            "npm:@playwright/test",
            "npm:@nx/playwright",
            "npm:@nx/devkit"
          ]
        },
        {
          "file": "apps/angular-task-e2e/project.json",
          "hash": "4443428533605199339"
        },
        {
          "file": "apps/angular-task-e2e/src/example.spec.ts",
          "hash": "5883416300850271961",
          "deps": [
            "npm:@playwright/test"
          ]
        },
        {
          "file": "apps/angular-task-e2e/src/test-search.spec.ts",
          "hash": "8786404480637914759",
          "deps": [
            "npm:@playwright/test"
          ]
        },
        {
          "file": "apps/angular-task-e2e/tsconfig.json",
          "hash": "2800721902587063983"
        }
      ],
      "angular-task": [
        {
          "file": "apps/angular-task/.eslintrc.json",
          "hash": "13337180804420716598"
        },
        {
          "file": "apps/angular-task/jest.config.ts",
          "hash": "10774800686583985542"
        },
        {
          "file": "apps/angular-task/project.json",
          "hash": "14162238901273388642"
        },
        {
          "file": "apps/angular-task/public/favicon.ico",
          "hash": "9303420814833116677"
        },
        {
          "file": "apps/angular-task/server.ts",
          "hash": "5995399575733273448",
          "deps": [
            "npm:@angular/common",
            "npm:@angular/ssr",
            "npm:express"
          ]
        },
        {
          "file": "apps/angular-task/src/app/app.component.html",
          "hash": "10287269817071082656"
        },
        {
          "file": "apps/angular-task/src/app/app.component.scss",
          "hash": "15110473398387416604"
        },
        {
          "file": "apps/angular-task/src/app/app.component.spec.ts",
          "hash": "5721850122433403197",
          "deps": [
            "npm:@angular/core",
            "npm:@angular/router"
          ]
        },
        {
          "file": "apps/angular-task/src/app/app.component.ts",
          "hash": "14696140459563451067",
          "deps": [
            "npm:@angular/core",
            "npm:@angular/router"
          ]
        },
        {
          "file": "apps/angular-task/src/app/app.config.server.ts",
          "hash": "16536776556344787487",
          "deps": [
            "npm:@angular/core",
            "npm:@angular/platform-server"
          ]
        },
        {
          "file": "apps/angular-task/src/app/app.config.ts",
          "hash": "5134018249161098933",
          "deps": [
            "npm:@angular/core",
            "npm:@angular/router",
            "npm:@angular/platform-browser",
            "npm:@angular/common",
            "npm:@ngrx/store",
            "npm:@ngrx/effects",
            "common-services"
          ]
        },
        {
          "file": "apps/angular-task/src/app/app.routes.ts",
          "hash": "9176071416179485007",
          "deps": [
            "npm:@angular/router"
          ]
        },
        {
          "file": "apps/angular-task/src/app/favorite-button.component.html",
          "hash": "17640958658409433011"
        },
        {
          "file": "apps/angular-task/src/app/favorite-button.component.scss",
          "hash": "5932984710729059221"
        },
        {
          "file": "apps/angular-task/src/app/favorite-button.component.spec.ts",
          "hash": "6493942622921084743",
          "deps": [
            "npm:@angular/core"
          ]
        },
        {
          "file": "apps/angular-task/src/app/favorite-button.component.ts",
          "hash": "13821174067713063980",
          "deps": [
            "npm:@angular/core",
            "npm:@angular/common"
          ]
        },
        {
          "file": "apps/angular-task/src/app/home-page/home-page.component.html",
          "hash": "2598191930669267912"
        },
        {
          "file": "apps/angular-task/src/app/home-page/home-page.component.scss",
          "hash": "3244421341483603138"
        },
        {
          "file": "apps/angular-task/src/app/home-page/home-page.component.spec.ts",
          "hash": "17076244103661803870",
          "deps": [
            "npm:@angular/core"
          ]
        },
        {
          "file": "apps/angular-task/src/app/home-page/home-page.component.ts",
          "hash": "10162088700946862935",
          "deps": [
            "npm:@angular/core",
            "npm:@angular/common"
          ]
        },
        {
          "file": "apps/angular-task/src/app/input-field.component.html",
          "hash": "10063580439522119296"
        },
        {
          "file": "apps/angular-task/src/app/input-field.component.scss",
          "hash": "6058264900677287364"
        },
        {
          "file": "apps/angular-task/src/app/input-field.component.spec.ts",
          "hash": "16811720855821269742",
          "deps": [
            "npm:@angular/core"
          ]
        },
        {
          "file": "apps/angular-task/src/app/input-field.component.ts",
          "hash": "14858238614091054880",
          "deps": [
            "npm:@angular/core",
            "npm:@angular/common",
            "npm:@angular/forms"
          ]
        },
        {
          "file": "apps/angular-task/src/app/profile-details-page/profile-details-page.component.html",
          "hash": "12840813083015390086"
        },
        {
          "file": "apps/angular-task/src/app/profile-details-page/profile-details-page.component.scss",
          "hash": "3244421341483603138"
        },
        {
          "file": "apps/angular-task/src/app/profile-details-page/profile-details-page.component.spec.ts",
          "hash": "10734564926817508560",
          "deps": [
            "npm:@angular/core"
          ]
        },
        {
          "file": "apps/angular-task/src/app/profile-details-page/profile-details-page.component.ts",
          "hash": "14738383673057900566",
          "deps": [
            "npm:@angular/core",
            "npm:@angular/common",
            "npm:rxjs",
            "npm:@ngrx/store",
            "npm:@angular/router"
          ]
        },
        {
          "file": "apps/angular-task/src/app/sanitize.pipe.spec.ts",
          "hash": "5545476350993764621"
        },
        {
          "file": "apps/angular-task/src/app/sanitize.pipe.ts",
          "hash": "9641627980645859826",
          "deps": [
            "npm:@angular/core",
            "npm:@angular/platform-browser"
          ]
        },
        {
          "file": "apps/angular-task/src/app/topnavbar.component.html",
          "hash": "1980567970473484874"
        },
        {
          "file": "apps/angular-task/src/app/topnavbar.component.scss",
          "hash": "3068069401703634484"
        },
        {
          "file": "apps/angular-task/src/app/topnavbar.component.spec.ts",
          "hash": "11587963563699827146",
          "deps": [
            "npm:@angular/core"
          ]
        },
        {
          "file": "apps/angular-task/src/app/topnavbar.component.ts",
          "hash": "9764196721503835795",
          "deps": [
            "npm:@angular/core",
            "npm:@angular/common",
            "npm:@angular/router"
          ]
        },
        {
          "file": "apps/angular-task/src/app/user-card/user-card.component.html",
          "hash": "10904262564929076096"
        },
        {
          "file": "apps/angular-task/src/app/user-card/user-card.component.scss",
          "hash": "10444301820867083213"
        },
        {
          "file": "apps/angular-task/src/app/user-card/user-card.component.spec.ts",
          "hash": "4634971937684373472",
          "deps": [
            "npm:@angular/core"
          ]
        },
        {
          "file": "apps/angular-task/src/app/user-card/user-card.component.ts",
          "hash": "10662800107061366037",
          "deps": [
            "npm:@angular/core",
            "npm:@angular/common",
            "npm:rxjs",
            "npm:@ngrx/store"
          ]
        },
        {
          "file": "apps/angular-task/src/app/users-list/users-list.component.html",
          "hash": "14509773750452477329"
        },
        {
          "file": "apps/angular-task/src/app/users-list/users-list.component.scss",
          "hash": "1562287659665458986"
        },
        {
          "file": "apps/angular-task/src/app/users-list/users-list.component.spec.ts",
          "hash": "8858562379847644400",
          "deps": [
            "npm:@angular/core"
          ]
        },
        {
          "file": "apps/angular-task/src/app/users-list/users-list.component.ts",
          "hash": "2845440943195887191",
          "deps": [
            "npm:@angular/core",
            "npm:@angular/common",
            "npm:rxjs",
            "npm:@angular/router"
          ]
        },
        {
          "file": "apps/angular-task/src/index.html",
          "hash": "16622528489250609657"
        },
        {
          "file": "apps/angular-task/src/main.server.ts",
          "hash": "11653607448136507287",
          "deps": [
            "npm:@angular/platform-browser"
          ]
        },
        {
          "file": "apps/angular-task/src/main.ts",
          "hash": "8555837823379861405",
          "deps": [
            "npm:@angular/platform-browser"
          ]
        },
        {
          "file": "apps/angular-task/src/styles.scss",
          "hash": "7095531853883958903"
        },
        {
          "file": "apps/angular-task/src/test-setup.ts",
          "hash": "2674404341416425809",
          "deps": [
            "npm:jest-preset-angular"
          ]
        },
        {
          "file": "apps/angular-task/tsconfig.app.json",
          "hash": "10525959847074859978"
        },
        {
          "file": "apps/angular-task/tsconfig.editor.json",
          "hash": "1055794200401717100"
        },
        {
          "file": "apps/angular-task/tsconfig.json",
          "hash": "8354605805148800501"
        },
        {
          "file": "apps/angular-task/tsconfig.spec.json",
          "hash": "2628739785099261941"
        }
      ]
    }
  }
}