{
  "apps/angular-task-e2e": {
    "root": [
      "apps/angular-task-e2e/project.json",
      "nx/core/project-json"
    ],
    "metadata.targetGroups": [
      "apps/angular-task-e2e/playwright.config.ts",
      "@nx/playwright/plugin"
    ],
    "metadata.targetGroups.E2E (CI)": [
      "apps/angular-task-e2e/playwright.config.ts",
      "@nx/playwright/plugin"
    ],
    "metadata.targetGroups.E2E (CI).0": [
      "apps/angular-task-e2e/playwright.config.ts",
      "@nx/playwright/plugin"
    ],
    "metadata.targetGroups.E2E (CI).1": [
      "apps/angular-task-e2e/playwright.config.ts",
      "@nx/playwright/plugin"
    ],
    "metadata.targetGroups.E2E (CI).2": [
      "apps/angular-task-e2e/playwright.config.ts",
      "@nx/playwright/plugin"
    ],
    "targets": [
      "apps/angular-task-e2e/playwright.config.ts",
      "@nx/playwright/plugin"
    ],
    "targets.e2e": [
      "apps/angular-task-e2e/playwright.config.ts",
      "@nx/playwright/plugin"
    ],
    "targets.e2e.options": [
      "apps/angular-task-e2e/playwright.config.ts",
      "@nx/playwright/plugin"
    ],
    "targets.e2e.parallelism": [
      "apps/angular-task-e2e/playwright.config.ts",
      "@nx/playwright/plugin"
    ],
    "targets.e2e.metadata": [
      "apps/angular-task-e2e/playwright.config.ts",
      "@nx/playwright/plugin"
    ],
    "targets.e2e.cache": [
      "apps/angular-task-e2e/playwright.config.ts",
      "@nx/playwright/plugin"
    ],
    "targets.e2e.inputs": [
      "apps/angular-task-e2e/playwright.config.ts",
      "@nx/playwright/plugin"
    ],
    "targets.e2e.outputs": [
      "apps/angular-task-e2e/playwright.config.ts",
      "@nx/playwright/plugin"
    ],
    "targets.e2e.executor": [
      "apps/angular-task-e2e/playwright.config.ts",
      "@nx/playwright/plugin"
    ],
    "targets.e2e.options.cwd": [
      "apps/angular-task-e2e/playwright.config.ts",
      "@nx/playwright/plugin"
    ],
    "targets.e2e.options.command": [
      "apps/angular-task-e2e/playwright.config.ts",
      "@nx/playwright/plugin"
    ],
    "targets.e2e.metadata.technologies": [
      "apps/angular-task-e2e/playwright.config.ts",
      "@nx/playwright/plugin"
    ],
    "targets.e2e.metadata.technologies.0": [
      "apps/angular-task-e2e/playwright.config.ts",
      "@nx/playwright/plugin"
    ],
    "targets.e2e.metadata.description": [
      "apps/angular-task-e2e/playwright.config.ts",
      "@nx/playwright/plugin"
    ],
    "targets.e2e.metadata.help": [
      "apps/angular-task-e2e/playwright.config.ts",
      "@nx/playwright/plugin"
    ],
    "targets.e2e.metadata.help.command": [
      "apps/angular-task-e2e/playwright.config.ts",
      "@nx/playwright/plugin"
    ],
    "targets.e2e.metadata.help.example": [
      "apps/angular-task-e2e/playwright.config.ts",
      "@nx/playwright/plugin"
    ],
    "targets.e2e-ci--src/example.spec.ts": [
      "apps/angular-task-e2e/playwright.config.ts",
      "@nx/playwright/plugin"
    ],
    "targets.e2e-ci--src/example.spec.ts.options": [
      "apps/angular-task-e2e/playwright.config.ts",
      "@nx/playwright/plugin"
    ],
    "targets.e2e-ci--src/example.spec.ts.parallelism": [
      "nx.json",
      "nx/target-defaults"
    ],
    "targets.e2e-ci--src/example.spec.ts.metadata": [
      "apps/angular-task-e2e/playwright.config.ts",
      "@nx/playwright/plugin"
    ],
    "targets.e2e-ci--src/example.spec.ts.cache": [
      "apps/angular-task-e2e/playwright.config.ts",
      "@nx/playwright/plugin"
    ],
    "targets.e2e-ci--src/example.spec.ts.inputs": [
      "apps/angular-task-e2e/playwright.config.ts",
      "@nx/playwright/plugin"
    ],
    "targets.e2e-ci--src/example.spec.ts.outputs": [
      "apps/angular-task-e2e/playwright.config.ts",
      "@nx/playwright/plugin"
    ],
    "targets.e2e-ci--src/example.spec.ts.executor": [
      "apps/angular-task-e2e/playwright.config.ts",
      "@nx/playwright/plugin"
    ],
    "targets.e2e-ci--src/example.spec.ts.options.cwd": [
      "apps/angular-task-e2e/playwright.config.ts",
      "@nx/playwright/plugin"
    ],
    "targets.e2e-ci--src/example.spec.ts.options.env": [
      "apps/angular-task-e2e/playwright.config.ts",
      "@nx/playwright/plugin"
    ],
    "targets.e2e-ci--src/example.spec.ts.options.command": [
      "apps/angular-task-e2e/playwright.config.ts",
      "@nx/playwright/plugin"
    ],
    "targets.e2e-ci--src/example.spec.ts.metadata.technologies": [
      "apps/angular-task-e2e/playwright.config.ts",
      "@nx/playwright/plugin"
    ],
    "targets.e2e-ci--src/example.spec.ts.metadata.technologies.0": [
      "apps/angular-task-e2e/playwright.config.ts",
      "@nx/playwright/plugin"
    ],
    "targets.e2e-ci--src/example.spec.ts.metadata.description": [
      "apps/angular-task-e2e/playwright.config.ts",
      "@nx/playwright/plugin"
    ],
    "targets.e2e-ci--src/example.spec.ts.metadata.help": [
      "apps/angular-task-e2e/playwright.config.ts",
      "@nx/playwright/plugin"
    ],
    "targets.e2e-ci--src/example.spec.ts.metadata.help.command": [
      "apps/angular-task-e2e/playwright.config.ts",
      "@nx/playwright/plugin"
    ],
    "targets.e2e-ci--src/example.spec.ts.metadata.help.example": [
      "apps/angular-task-e2e/playwright.config.ts",
      "@nx/playwright/plugin"
    ],
    "targets.e2e-ci--src/test-search.spec.ts": [
      "apps/angular-task-e2e/playwright.config.ts",
      "@nx/playwright/plugin"
    ],
    "targets.e2e-ci--src/test-search.spec.ts.options": [
      "apps/angular-task-e2e/playwright.config.ts",
      "@nx/playwright/plugin"
    ],
    "targets.e2e-ci--src/test-search.spec.ts.parallelism": [
      "nx.json",
      "nx/target-defaults"
    ],
    "targets.e2e-ci--src/test-search.spec.ts.metadata": [
      "apps/angular-task-e2e/playwright.config.ts",
      "@nx/playwright/plugin"
    ],
    "targets.e2e-ci--src/test-search.spec.ts.cache": [
      "apps/angular-task-e2e/playwright.config.ts",
      "@nx/playwright/plugin"
    ],
    "targets.e2e-ci--src/test-search.spec.ts.inputs": [
      "apps/angular-task-e2e/playwright.config.ts",
      "@nx/playwright/plugin"
    ],
    "targets.e2e-ci--src/test-search.spec.ts.outputs": [
      "apps/angular-task-e2e/playwright.config.ts",
      "@nx/playwright/plugin"
    ],
    "targets.e2e-ci--src/test-search.spec.ts.executor": [
      "apps/angular-task-e2e/playwright.config.ts",
      "@nx/playwright/plugin"
    ],
    "targets.e2e-ci--src/test-search.spec.ts.options.cwd": [
      "apps/angular-task-e2e/playwright.config.ts",
      "@nx/playwright/plugin"
    ],
    "targets.e2e-ci--src/test-search.spec.ts.options.env": [
      "apps/angular-task-e2e/playwright.config.ts",
      "@nx/playwright/plugin"
    ],
    "targets.e2e-ci--src/test-search.spec.ts.options.command": [
      "apps/angular-task-e2e/playwright.config.ts",
      "@nx/playwright/plugin"
    ],
    "targets.e2e-ci--src/test-search.spec.ts.metadata.technologies": [
      "apps/angular-task-e2e/playwright.config.ts",
      "@nx/playwright/plugin"
    ],
    "targets.e2e-ci--src/test-search.spec.ts.metadata.technologies.0": [
      "apps/angular-task-e2e/playwright.config.ts",
      "@nx/playwright/plugin"
    ],
    "targets.e2e-ci--src/test-search.spec.ts.metadata.description": [
      "apps/angular-task-e2e/playwright.config.ts",
      "@nx/playwright/plugin"
    ],
    "targets.e2e-ci--src/test-search.spec.ts.metadata.help": [
      "apps/angular-task-e2e/playwright.config.ts",
      "@nx/playwright/plugin"
    ],
    "targets.e2e-ci--src/test-search.spec.ts.metadata.help.command": [
      "apps/angular-task-e2e/playwright.config.ts",
      "@nx/playwright/plugin"
    ],
    "targets.e2e-ci--src/test-search.spec.ts.metadata.help.example": [
      "apps/angular-task-e2e/playwright.config.ts",
      "@nx/playwright/plugin"
    ],
    "targets.e2e-ci": [
      "apps/angular-task-e2e/playwright.config.ts",
      "@nx/playwright/plugin"
    ],
    "targets.e2e-ci.executor": [
      "apps/angular-task-e2e/playwright.config.ts",
      "@nx/playwright/plugin"
    ],
    "targets.e2e-ci.cache": [
      "apps/angular-task-e2e/playwright.config.ts",
      "@nx/playwright/plugin"
    ],
    "targets.e2e-ci.inputs": [
      "apps/angular-task-e2e/playwright.config.ts",
      "@nx/playwright/plugin"
    ],
    "targets.e2e-ci.outputs": [
      "apps/angular-task-e2e/playwright.config.ts",
      "@nx/playwright/plugin"
    ],
    "targets.e2e-ci.dependsOn": [
      "apps/angular-task-e2e/playwright.config.ts",
      "@nx/playwright/plugin"
    ],
    "targets.e2e-ci.parallelism": [
      "apps/angular-task-e2e/playwright.config.ts",
      "@nx/playwright/plugin"
    ],
    "targets.e2e-ci.metadata": [
      "apps/angular-task-e2e/playwright.config.ts",
      "@nx/playwright/plugin"
    ],
    "targets.e2e-ci.metadata.technologies": [
      "apps/angular-task-e2e/playwright.config.ts",
      "@nx/playwright/plugin"
    ],
    "targets.e2e-ci.metadata.technologies.0": [
      "apps/angular-task-e2e/playwright.config.ts",
      "@nx/playwright/plugin"
    ],
    "targets.e2e-ci.metadata.description": [
      "apps/angular-task-e2e/playwright.config.ts",
      "@nx/playwright/plugin"
    ],
    "targets.e2e-ci.metadata.nonAtomizedTarget": [
      "apps/angular-task-e2e/playwright.config.ts",
      "@nx/playwright/plugin"
    ],
    "targets.e2e-ci.metadata.help": [
      "apps/angular-task-e2e/playwright.config.ts",
      "@nx/playwright/plugin"
    ],
    "targets.e2e-ci.metadata.help.command": [
      "apps/angular-task-e2e/playwright.config.ts",
      "@nx/playwright/plugin"
    ],
    "targets.e2e-ci.metadata.help.example": [
      "apps/angular-task-e2e/playwright.config.ts",
      "@nx/playwright/plugin"
    ],
    "targets.lint": [
      "apps/angular-task-e2e/.eslintrc.json",
      "@nx/eslint/plugin"
    ],
    "targets.lint.cache": [
      "apps/angular-task-e2e/.eslintrc.json",
      "@nx/eslint/plugin"
    ],
    "targets.lint.options": [
      "apps/angular-task-e2e/.eslintrc.json",
      "@nx/eslint/plugin"
    ],
    "targets.lint.inputs": [
      "apps/angular-task-e2e/.eslintrc.json",
      "@nx/eslint/plugin"
    ],
    "targets.lint.outputs": [
      "apps/angular-task-e2e/.eslintrc.json",
      "@nx/eslint/plugin"
    ],
    "targets.lint.metadata": [
      "apps/angular-task-e2e/.eslintrc.json",
      "@nx/eslint/plugin"
    ],
    "targets.lint.executor": [
      "apps/angular-task-e2e/.eslintrc.json",
      "@nx/eslint/plugin"
    ],
    "targets.lint.options.cwd": [
      "apps/angular-task-e2e/.eslintrc.json",
      "@nx/eslint/plugin"
    ],
    "targets.lint.options.command": [
      "apps/angular-task-e2e/.eslintrc.json",
      "@nx/eslint/plugin"
    ],
    "targets.lint.metadata.technologies": [
      "apps/angular-task-e2e/.eslintrc.json",
      "@nx/eslint/plugin"
    ],
    "targets.lint.metadata.technologies.0": [
      "apps/angular-task-e2e/.eslintrc.json",
      "@nx/eslint/plugin"
    ],
    "targets.lint.metadata.description": [
      "apps/angular-task-e2e/.eslintrc.json",
      "@nx/eslint/plugin"
    ],
    "targets.lint.metadata.help": [
      "apps/angular-task-e2e/.eslintrc.json",
      "@nx/eslint/plugin"
    ],
    "targets.lint.metadata.help.command": [
      "apps/angular-task-e2e/.eslintrc.json",
      "@nx/eslint/plugin"
    ],
    "targets.lint.metadata.help.example": [
      "apps/angular-task-e2e/.eslintrc.json",
      "@nx/eslint/plugin"
    ],
    "name": [
      "apps/angular-task-e2e/project.json",
      "nx/core/project-json"
    ],
    "$schema": [
      "apps/angular-task-e2e/project.json",
      "nx/core/project-json"
    ],
    "projectType": [
      "apps/angular-task-e2e/project.json",
      "nx/core/project-json"
    ],
    "sourceRoot": [
      "apps/angular-task-e2e/project.json",
      "nx/core/project-json"
    ],
    "// targets": [
      "apps/angular-task-e2e/project.json",
      "nx/core/project-json"
    ],
    "implicitDependencies": [
      "apps/angular-task-e2e/project.json",
      "nx/core/project-json"
    ],
    "implicitDependencies.angular-task": [
      "apps/angular-task-e2e/project.json",
      "nx/core/project-json"
    ],
    "targets.e2e-ci--src/example.spec.ts.dependsOn": [
      "nx.json",
      "nx/target-defaults"
    ],
    "targets.e2e-ci--src/test-search.spec.ts.dependsOn": [
      "nx.json",
      "nx/target-defaults"
    ]
  },
  "apps/angular-task": {
    "root": [
      "apps/angular-task/project.json",
      "nx/core/project-json"
    ],
    "targets": [
      "apps/angular-task/.eslintrc.json",
      "@nx/eslint/plugin"
    ],
    "name": [
      "apps/angular-task/project.json",
      "nx/core/project-json"
    ],
    "$schema": [
      "apps/angular-task/project.json",
      "nx/core/project-json"
    ],
    "projectType": [
      "apps/angular-task/project.json",
      "nx/core/project-json"
    ],
    "prefix": [
      "apps/angular-task/project.json",
      "nx/core/project-json"
    ],
    "sourceRoot": [
      "apps/angular-task/project.json",
      "nx/core/project-json"
    ],
    "tags": [
      "apps/angular-task/project.json",
      "nx/core/project-json"
    ],
    "targets.build": [
      "apps/angular-task/project.json",
      "nx/core/project-json"
    ],
    "targets.build.executor": [
      "apps/angular-task/project.json",
      "nx/core/project-json"
    ],
    "targets.build.outputs": [
      "apps/angular-task/project.json",
      "nx/core/project-json"
    ],
    "targets.build.options": [
      "apps/angular-task/project.json",
      "nx/core/project-json"
    ],
    "targets.build.configurations": [
      "apps/angular-task/project.json",
      "nx/core/project-json"
    ],
    "targets.build.defaultConfiguration": [
      "apps/angular-task/project.json",
      "nx/core/project-json"
    ],
    "targets.build.options.outputPath": [
      "apps/angular-task/project.json",
      "nx/core/project-json"
    ],
    "targets.build.options.index": [
      "apps/angular-task/project.json",
      "nx/core/project-json"
    ],
    "targets.build.options.browser": [
      "apps/angular-task/project.json",
      "nx/core/project-json"
    ],
    "targets.build.options.polyfills": [
      "apps/angular-task/project.json",
      "nx/core/project-json"
    ],
    "targets.build.options.tsConfig": [
      "apps/angular-task/project.json",
      "nx/core/project-json"
    ],
    "targets.build.options.inlineStyleLanguage": [
      "apps/angular-task/project.json",
      "nx/core/project-json"
    ],
    "targets.build.options.assets": [
      "apps/angular-task/project.json",
      "nx/core/project-json"
    ],
    "targets.build.options.styles": [
      "apps/angular-task/project.json",
      "nx/core/project-json"
    ],
    "targets.build.options.scripts": [
      "apps/angular-task/project.json",
      "nx/core/project-json"
    ],
    "targets.build.options.server": [
      "apps/angular-task/project.json",
      "nx/core/project-json"
    ],
    "targets.build.options.prerender": [
      "apps/angular-task/project.json",
      "nx/core/project-json"
    ],
    "targets.build.options.ssr": [
      "apps/angular-task/project.json",
      "nx/core/project-json"
    ],
    "targets.build.configurations.production": [
      "apps/angular-task/project.json",
      "nx/core/project-json"
    ],
    "targets.build.configurations.production.budgets": [
      "apps/angular-task/project.json",
      "nx/core/project-json"
    ],
    "targets.build.configurations.production.outputHashing": [
      "apps/angular-task/project.json",
      "nx/core/project-json"
    ],
    "targets.build.configurations.development": [
      "apps/angular-task/project.json",
      "nx/core/project-json"
    ],
    "targets.build.configurations.development.optimization": [
      "apps/angular-task/project.json",
      "nx/core/project-json"
    ],
    "targets.build.configurations.development.extractLicenses": [
      "apps/angular-task/project.json",
      "nx/core/project-json"
    ],
    "targets.build.configurations.development.sourceMap": [
      "apps/angular-task/project.json",
      "nx/core/project-json"
    ],
    "targets.serve": [
      "apps/angular-task/project.json",
      "nx/core/project-json"
    ],
    "targets.serve.executor": [
      "apps/angular-task/project.json",
      "nx/core/project-json"
    ],
    "targets.serve.configurations": [
      "apps/angular-task/project.json",
      "nx/core/project-json"
    ],
    "targets.serve.defaultConfiguration": [
      "apps/angular-task/project.json",
      "nx/core/project-json"
    ],
    "targets.serve.configurations.production": [
      "apps/angular-task/project.json",
      "nx/core/project-json"
    ],
    "targets.serve.configurations.production.buildTarget": [
      "apps/angular-task/project.json",
      "nx/core/project-json"
    ],
    "targets.serve.configurations.development": [
      "apps/angular-task/project.json",
      "nx/core/project-json"
    ],
    "targets.serve.configurations.development.buildTarget": [
      "apps/angular-task/project.json",
      "nx/core/project-json"
    ],
    "targets.extract-i18n": [
      "apps/angular-task/project.json",
      "nx/core/project-json"
    ],
    "targets.extract-i18n.executor": [
      "apps/angular-task/project.json",
      "nx/core/project-json"
    ],
    "targets.extract-i18n.options": [
      "apps/angular-task/project.json",
      "nx/core/project-json"
    ],
    "targets.extract-i18n.options.buildTarget": [
      "apps/angular-task/project.json",
      "nx/core/project-json"
    ],
    "targets.lint": [
      "apps/angular-task/project.json",
      "nx/core/project-json"
    ],
    "targets.lint.executor": [
      "apps/angular-task/project.json",
      "nx/core/project-json"
    ],
    "targets.test": [
      "apps/angular-task/project.json",
      "nx/core/project-json"
    ],
    "targets.test.executor": [
      "apps/angular-task/project.json",
      "nx/core/project-json"
    ],
    "targets.test.outputs": [
      "apps/angular-task/project.json",
      "nx/core/project-json"
    ],
    "targets.test.options": [
      "apps/angular-task/project.json",
      "nx/core/project-json"
    ],
    "targets.test.options.jestConfig": [
      "apps/angular-task/project.json",
      "nx/core/project-json"
    ],
    "targets.lint.cache": [
      "nx.json",
      "nx/target-defaults"
    ],
    "targets.lint.inputs": [
      "nx.json",
      "nx/target-defaults"
    ],
    "targets.lint.parallelism": [
      "nx.json",
      "nx/target-defaults"
    ],
    "targets.build.cache": [
      "nx.json",
      "nx/target-defaults"
    ],
    "targets.build.dependsOn": [
      "nx.json",
      "nx/target-defaults"
    ],
    "targets.build.inputs": [
      "nx.json",
      "nx/target-defaults"
    ],
    "targets.build.parallelism": [
      "nx.json",
      "nx/target-defaults"
    ],
    "targets.test.cache": [
      "nx.json",
      "nx/target-defaults"
    ],
    "targets.test.inputs": [
      "nx.json",
      "nx/target-defaults"
    ],
    "targets.test.options.passWithNoTests": [
      "nx.json",
      "nx/target-defaults"
    ],
    "targets.test.configurations.ci": [
      "nx.json",
      "nx/target-defaults"
    ],
    "targets.test.configurations.ci.ci": [
      "nx.json",
      "nx/target-defaults"
    ],
    "targets.test.configurations.ci.codeCoverage": [
      "nx.json",
      "nx/target-defaults"
    ],
    "targets.test.parallelism": [
      "nx.json",
      "nx/target-defaults"
    ]
  },
  "common-services": {
    "root": [
      "common-services/project.json",
      "nx/core/project-json"
    ],
    "targets": [
      "common-services/.eslintrc.json",
      "@nx/eslint/plugin"
    ],
    "name": [
      "common-services/project.json",
      "nx/core/project-json"
    ],
    "$schema": [
      "common-services/project.json",
      "nx/core/project-json"
    ],
    "sourceRoot": [
      "common-services/project.json",
      "nx/core/project-json"
    ],
    "prefix": [
      "common-services/project.json",
      "nx/core/project-json"
    ],
    "projectType": [
      "common-services/project.json",
      "nx/core/project-json"
    ],
    "tags": [
      "common-services/project.json",
      "nx/core/project-json"
    ],
    "targets.test": [
      "common-services/project.json",
      "nx/core/project-json"
    ],
    "targets.test.executor": [
      "common-services/project.json",
      "nx/core/project-json"
    ],
    "targets.test.outputs": [
      "common-services/project.json",
      "nx/core/project-json"
    ],
    "targets.test.options": [
      "common-services/project.json",
      "nx/core/project-json"
    ],
    "targets.test.options.jestConfig": [
      "common-services/project.json",
      "nx/core/project-json"
    ],
    "targets.lint": [
      "common-services/project.json",
      "nx/core/project-json"
    ],
    "targets.lint.executor": [
      "common-services/project.json",
      "nx/core/project-json"
    ],
    "targets.lint.cache": [
      "nx.json",
      "nx/target-defaults"
    ],
    "targets.lint.inputs": [
      "nx.json",
      "nx/target-defaults"
    ],
    "targets.lint.parallelism": [
      "nx.json",
      "nx/target-defaults"
    ],
    "targets.test.cache": [
      "nx.json",
      "nx/target-defaults"
    ],
    "targets.test.inputs": [
      "nx.json",
      "nx/target-defaults"
    ],
    "targets.test.options.passWithNoTests": [
      "nx.json",
      "nx/target-defaults"
    ],
    "targets.test.configurations.ci": [
      "nx.json",
      "nx/target-defaults"
    ],
    "targets.test.configurations.ci.ci": [
      "nx.json",
      "nx/target-defaults"
    ],
    "targets.test.configurations.ci.codeCoverage": [
      "nx.json",
      "nx/target-defaults"
    ],
    "targets.test.parallelism": [
      "nx.json",
      "nx/target-defaults"
    ]
  }
}