{
  "run": {
    "command": "nx run angular-task:serve",
    "startTime": "2025-02-14T07:56:47.898Z",
    "endTime": "2025-02-14T07:58:23.746Z",
    "inner": false
  },
  "tasks": [
    {
      "taskId": "angular-task:serve:development",
      "target": "serve",
      "projectName": "angular-task",
      "hash": "2482990061628921250",
      "startTime": "2025-02-14T07:56:47.909Z",
      "endTime": "2025-02-14T07:58:23.743Z",
      "params": "",
      "cacheStatus": "cache-miss",
      "status": 1
    }
  ]
}